{
  "full_system": {
    "num_requests": 30,
    "total_tokens": 1950,
    "throughput_rps": 0.44055563140174075,
    "throughput_tps": 28.63611604111315,
    "e2e_p50_ms": 1071.216796875,
    "e2e_p95_ms": 1898.2634826660155,
    "e2e_p99_ms": 1983.7756396484376,
    "prefill_p50_ms": 23.8308162689209,
    "prefill_p95_ms": 43.6596622467041,
    "decode_p50_ms": 1047.1779174804688,
    "decode_p95_ms": 1862.4228515625,
    "ttft_p50_ms": 23.98458182066679,
    "ttft_p95_ms": 43.90982387214899,
    "ttft_p99_ms": 50.50007537439466,
    "gpu_seconds_per_request": 1.1434869038899742,
    "gpu_seconds_total": 34.30460711669922,
    "gpu_utilization_pct": 50.37695949428692
  },
  "no_autotune": {
    "num_requests": 30,
    "total_tokens": 1950,
    "throughput_rps": 0.5006828162879996,
    "throughput_tps": 32.54438305871997,
    "e2e_p50_ms": 889.0100708007812,
    "e2e_p95_ms": 1346.7571411132812,
    "e2e_p99_ms": 1402.4309155273438,
    "prefill_p50_ms": 22.23832607269287,
    "prefill_p95_ms": 40.523388099670406,
    "decode_p50_ms": 863.5642700195312,
    "decode_p95_ms": 1314.1891052246092,
    "ttft_p50_ms": 22.401165038347244,
    "ttft_p95_ms": 40.799120439589025,
    "ttft_p99_ms": 43.06181909292937,
    "gpu_seconds_per_request": 0.976082401529948,
    "gpu_seconds_total": 29.282472045898437,
    "gpu_utilization_pct": 48.870768572716834
  },
  "no_moe": {
    "num_requests": 30,
    "total_tokens": 1950,
    "throughput_rps": 0.5698356109451699,
    "throughput_tps": 37.03931471143605,
    "e2e_p50_ms": 876.0470275878906,
    "e2e_p95_ms": 2428.185046386718,
    "e2e_p99_ms": 2527.5180419921876,
    "prefill_p50_ms": 21.720236778259277,
    "prefill_p95_ms": 52.376088142395005,
    "decode_p50_ms": 846.74951171875,
    "decode_p95_ms": 2374.419421386718,
    "ttft_p50_ms": 21.880833104252815,
    "ttft_p95_ms": 52.649702985584725,
    "ttft_p99_ms": 61.10171606302262,
    "gpu_seconds_per_request": 1.125517032877604,
    "gpu_seconds_total": 33.765510986328124,
    "gpu_utilization_pct": 64.13596860590044
  },
  "static_baseline": {
    "num_requests": 30,
    "total_tokens": 1950,
    "throughput_rps": 0.502003021223163,
    "throughput_tps": 32.63019637950559,
    "e2e_p50_ms": 834.2276611328125,
    "e2e_p95_ms": 2319.982006835937,
    "e2e_p99_ms": 2363.3536401367187,
    "prefill_p50_ms": 22.42568588256836,
    "prefill_p95_ms": 44.680462455749506,
    "decode_p50_ms": 792.9845581054688,
    "decode_p95_ms": 2281.1512207031246,
    "ttft_p50_ms": 22.624157711863518,
    "ttft_p95_ms": 44.946597187221045,
    "ttft_p99_ms": 46.25281028866768,
    "gpu_seconds_per_request": 1.045850624593099,
    "gpu_seconds_total": 31.37551873779297,
    "gpu_utilization_pct": 52.502017329386774
  }
}