{
  "prefill": {
    "gpu_pct": 50,
    "stage": "prefill",
    "avg_latency_ms": 40.33257827758789,
    "p95_latency_ms": 64.61663932800292,
    "p99_latency_ms": 71.68382591247558,
    "avg_throughput_tps": 37.0765539718476,
    "best_batch_size": 8
  },
  "decode": {
    "gpu_pct": 50,
    "stage": "decode",
    "avg_latency_ms": 1728.3280517578125,
    "p95_latency_ms": 1914.1833129882812,
    "p99_latency_ms": 1918.3524829101561,
    "avg_throughput_tps": 37.0765539718476,
    "best_batch_size": 32
  },
  "optimal_batches": {
    "prefill_batch_size": 4,
    "decode_batch_size": 16
  }
}