mode,ok,err,duration_s,rpc_decode,rpc_prefill,max_decode_replicas,avg_piggyback_age_s,decode_p95_ms,e2e_p95_ms,scaleup_reaction_s
polling,120,0,59.8,22.956521739130434,22.956521739130434,1,-1,487.5,487.5,-1
piggyback,120,0,59.8,5.217391304347826,5.217391304347826,1,3.215174635251363,487.5,487.5,-1
