mode,ok,err,duration_s,total_rpc_calls,avg_fetch_rpc_ms,avg_fetch_piggy_ms,avg_step_ms,step_overrun_pct,decode_p95_ms,e2e_p95_ms
polling,120,0,59.8,183.49090909090907,120.01371422107302,0,251.0010939654787,0,493.58974358974353,493.58974358974353
piggyback,120,0,59.8,0,0,0.48483701353241637,2.4391912840255494,0,487.5,487.5
