mode,count,duration_s,tpot_p50_ms,tpot_p95_ms,tpot_p99_ms,prefill_tokens_per_s,decode_tokens_per_s,resp_mean_ms,queue_prefill_mean,queue_prefill_p50,queue_prefill_p95,queue_decode_mean,queue_decode_p50,queue_decode_p95
baseline,180,81.04299998283386,140.089,145.78414999999998,151.88498,25.01141369926273,73.29442396330568,4621.482961111111,0.0,0.0,0.0,9.30232558139535,10.0,10.0
piggyback_lb,180,59.646000146865845,23.1475,23.51145,26.11044000000009,33.78265089089767,99.58756639798122,928.131788888889,0.0,0.0,0.0,2.4838709677419355,3.0,3.5
