mode,label,ok,queue_mean,queue_p95,tpot_mean_ms,tpot_p95_ms,token_tput_tps,token_tput_improvement_pct_vs_rr
rr_default,K8s IPVS RR,220,1.375,3.0,13.307463085399448,15.415587878787878,106.21488764341335,0.0
lc_default,K8s IPVS LC,220,1.475,2.049999999999997,13.003032920110194,14.102356060606061,106.1124265810392,-0.09646582004411153
custom_cached,Project Custom LB (Cached Pick),220,1.025,2.0,12.222314738292011,13.95325303030303,106.16673713675496,-0.04533310511050104
