{
  "full_system": {
    "num_requests": 30,
    "total_tokens": 1674,
    "throughput_rps": 0.7122777636654003,
    "throughput_tps": 39.74509921252934,
    "e2e_p50_ms": 1983.6901245117188,
    "e2e_p95_ms": 3583.133654785156,
    "e2e_p99_ms": 3647.813271484375,
    "prefill_p50_ms": 41.70512580871582,
    "prefill_p95_ms": 79.70294189453122,
    "decode_p50_ms": 1920.1792602539062,
    "decode_p95_ms": 3540.5898193359376,
    "ttft_p50_ms": 41.8689258992672,
    "ttft_p95_ms": 80.01075789034364,
    "ttft_p99_ms": 88.3463534629345,
    "gpu_seconds_per_request": 1.772555362955729,
    "gpu_seconds_total": 53.17666088867187,
    "gpu_utilization_pct": 100.0
  },
  "no_autotune": {
    "num_requests": 30,
    "total_tokens": 1674,
    "throughput_rps": 0.4143961416251581,
    "throughput_tps": 23.12330470268382,
    "e2e_p50_ms": 1191.3966064453125,
    "e2e_p95_ms": 2653.569799804687,
    "e2e_p99_ms": 2765.910895996094,
    "prefill_p50_ms": 38.40622520446777,
    "prefill_p95_ms": 60.136283683776846,
    "decode_p50_ms": 1143.1370849609375,
    "decode_p95_ms": 2593.5531738281247,
    "ttft_p50_ms": 38.59723620861769,
    "ttft_p95_ms": 60.78308931961654,
    "ttft_p99_ms": 81.84595933139326,
    "gpu_seconds_per_request": 1.4972483530680338,
    "gpu_seconds_total": 44.917450592041014,
    "gpu_utilization_pct": 62.045394056601566
  },
  "no_moe": {
    "num_requests": 30,
    "total_tokens": 1674,
    "throughput_rps": 0.4379457217838513,
    "throughput_tps": 24.437371275538904,
    "e2e_p50_ms": 1203.9647216796875,
    "e2e_p95_ms": 3042.2933471679685,
    "e2e_p99_ms": 3075.6168774414064,
    "prefill_p50_ms": 35.391592025756836,
    "prefill_p95_ms": 63.743044090271,
    "decode_p50_ms": 1141.5625610351562,
    "decode_p95_ms": 2985.5939819335936,
    "ttft_p50_ms": 35.6236450150609,
    "ttft_p95_ms": 64.02760271802545,
    "ttft_p99_ms": 75.30091863557698,
    "gpu_seconds_per_request": 1.3757580240885414,
    "gpu_seconds_total": 41.272740722656245,
    "gpu_utilization_pct": 60.25073408593814
  },
  "static_baseline": {
    "num_requests": 30,
    "total_tokens": 1674,
    "throughput_rps": 0.46885170327808773,
    "throughput_tps": 26.161925042917296,
    "e2e_p50_ms": 1203.83349609375,
    "e2e_p95_ms": 2384.0763183593745,
    "e2e_p99_ms": 2526.502009277344,
    "prefill_p50_ms": 42.91644859313965,
    "prefill_p95_ms": 69.8058536529541,
    "decode_p50_ms": 1140.4982299804688,
    "decode_p95_ms": 2327.8774536132805,
    "ttft_p50_ms": 43.090780541300774,
    "ttft_p95_ms": 70.06026601344347,
    "ttft_p99_ms": 75.64496762841941,
    "gpu_seconds_per_request": 1.4390213826497391,
    "gpu_seconds_total": 43.170641479492176,
    "gpu_utilization_pct": 67.46876263089192
  }
}