{
  "full_system": {
    "num_requests": 30,
    "total_tokens": 1950,
    "throughput_rps": 0.7772520605106729,
    "throughput_tps": 50.52138393319373,
    "e2e_p50_ms": 921.3140869140625,
    "e2e_p95_ms": 3982.3763549804685,
    "e2e_p99_ms": 4042.5708642578124,
    "prefill_p50_ms": 17.139062881469727,
    "prefill_p95_ms": 23.317030811309795,
    "decode_p50_ms": 903.0178833007812,
    "decode_p95_ms": 3963.6738159179686,
    "ttft_p50_ms": 17.344345465302467,
    "ttft_p95_ms": 23.584646123647673,
    "ttft_p99_ms": 28.666937046796086,
    "gpu_seconds_per_request": 1.4646808207194013,
    "gpu_seconds_total": 43.94042462158204,
    "gpu_utilization_pct": 100.0
  },
  "no_autotune": {
    "num_requests": 30,
    "total_tokens": 1950,
    "throughput_rps": 0.5939793439890093,
    "throughput_tps": 38.6086573592856,
    "e2e_p50_ms": 1045.0742492675781,
    "e2e_p95_ms": 4671.1767578125,
    "e2e_p99_ms": 4803.716850585937,
    "prefill_p50_ms": 17.203889846801758,
    "prefill_p95_ms": 29.035336780548096,
    "decode_p50_ms": 1026.0469055175781,
    "decode_p95_ms": 4652.845874023437,
    "ttft_p50_ms": 17.400911659002304,
    "ttft_p95_ms": 29.200671303272248,
    "ttft_p99_ms": 29.779843672513962,
    "gpu_seconds_per_request": 1.734006960042318,
    "gpu_seconds_total": 52.02020880126954,
    "gpu_utilization_pct": 100.0
  },
  "no_moe": {
    "num_requests": 30,
    "total_tokens": 1950,
    "throughput_rps": 0.5398566260686467,
    "throughput_tps": 35.09068069446204,
    "e2e_p50_ms": 798.8859558105469,
    "e2e_p95_ms": 1231.2944274902343,
    "e2e_p99_ms": 1252.7540783691406,
    "prefill_p50_ms": 17.025568962097168,
    "prefill_p95_ms": 18.806407546997068,
    "decode_p50_ms": 779.4013977050781,
    "decode_p95_ms": 1213.1471557617188,
    "ttft_p50_ms": 17.27028188854456,
    "ttft_p95_ms": 19.15257125645876,
    "ttft_p99_ms": 26.67425801530481,
    "gpu_seconds_per_request": 0.9264037943522136,
    "gpu_seconds_total": 27.79211383056641,
    "gpu_utilization_pct": 50.01252267961785
  },
  "static_baseline": {
    "num_requests": 30,
    "total_tokens": 1950,
    "throughput_rps": 0.490000426373058,
    "throughput_tps": 31.85002771424877,
    "e2e_p50_ms": 959.3873596191406,
    "e2e_p95_ms": 2163.128027343749,
    "e2e_p99_ms": 2335.1619970703127,
    "prefill_p50_ms": 17.060123443603516,
    "prefill_p95_ms": 19.53084554672241,
    "decode_p50_ms": 941.1168823242188,
    "decode_p95_ms": 2145.217694091796,
    "ttft_p50_ms": 17.310904398560524,
    "ttft_p95_ms": 19.86867894977331,
    "ttft_p99_ms": 27.628627548217782,
    "gpu_seconds_per_request": 1.174657840983073,
    "gpu_seconds_total": 35.23973522949219,
    "gpu_utilization_pct": 57.55828429241616
  }
}