{
  "full_system": {
    "num_requests": 30,
    "total_tokens": 1950,
    "throughput_rps": 0.5737595493296289,
    "throughput_tps": 37.29437070642588,
    "e2e_p50_ms": 421.46888732910156,
    "e2e_p95_ms": 971.8176727294918,
    "e2e_p99_ms": 1071.3393859863281,
    "prefill_p50_ms": 12.007837772369385,
    "prefill_p95_ms": 24.74603300094604,
    "decode_p50_ms": 403.4556121826172,
    "decode_p95_ms": 956.9219573974606,
    "ttft_p50_ms": 12.188818886876106,
    "ttft_p95_ms": 25.04356649219989,
    "ttft_p99_ms": 28.433115183115007,
    "gpu_seconds_per_request": 0.5240236267089844,
    "gpu_seconds_total": 15.720708801269533,
    "gpu_utilization_pct": 30.06635598986246
  },
  "no_autotune": {
    "num_requests": 30,
    "total_tokens": 1950,
    "throughput_rps": 0.39846339053917035,
    "throughput_tps": 25.900120385046073,
    "e2e_p50_ms": 405.3932647705078,
    "e2e_p95_ms": 677.7016510009763,
    "e2e_p99_ms": 736.0311614990235,
    "prefill_p50_ms": 12.124107360839844,
    "prefill_p95_ms": 26.518281936645508,
    "decode_p50_ms": 388.9229736328125,
    "decode_p95_ms": 658.4483398437497,
    "ttft_p50_ms": 12.311833582818508,
    "ttft_p95_ms": 26.642957670614123,
    "ttft_p99_ms": 27.83075743161142,
    "gpu_seconds_per_request": 0.4485078928629557,
    "gpu_seconds_total": 13.455236785888673,
    "gpu_utilization_pct": 17.87139756737523
  },
  "no_moe": {
    "num_requests": 30,
    "total_tokens": 1950,
    "throughput_rps": 0.5344835158086467,
    "throughput_tps": 34.741428527562036,
    "e2e_p50_ms": 408.057861328125,
    "e2e_p95_ms": 650.3438323974605,
    "e2e_p99_ms": 725.4349291992188,
    "prefill_p50_ms": 11.638413429260254,
    "prefill_p95_ms": 24.40685606002807,
    "decode_p50_ms": 390.8955535888672,
    "decode_p95_ms": 638.566317749023,
    "ttft_p50_ms": 11.806114822626114,
    "ttft_p95_ms": 24.71778600960969,
    "ttft_p99_ms": 28.70303277730942,
    "gpu_seconds_per_request": 0.44378573099772134,
    "gpu_seconds_total": 13.31357192993164,
    "gpu_utilization_pct": 23.719615776937246
  },
  "static_baseline": {
    "num_requests": 30,
    "total_tokens": 1950,
    "throughput_rps": 0.6964094063181473,
    "throughput_tps": 45.26661141067957,
    "e2e_p50_ms": 399.9893493652344,
    "e2e_p95_ms": 1009.5166503906249,
    "e2e_p99_ms": 1139.3691851806643,
    "prefill_p50_ms": 12.698439598083496,
    "prefill_p95_ms": 24.37004861831664,
    "decode_p50_ms": 381.7686004638672,
    "decode_p95_ms": 993.1803344726562,
    "ttft_p50_ms": 12.880974166095257,
    "ttft_p95_ms": 24.68577340543269,
    "ttft_p99_ms": 28.16154788732529,
    "gpu_seconds_per_request": 0.49446354980468754,
    "gpu_seconds_total": 14.833906494140626,
    "gpu_utilization_pct": 34.43490671654461
  }
}